ticker,debt_ratio_greater_than_0.1,len_of_quarter_data
A,1983,0
AAL,983,33
AAOI,1835,33
AAON,86,1
AAP,1988,9
AAPL,2008,29
AAU,0,0
AAWW,2002,33
ABB,0,0
ABBV,1493,26
ABC,1821,32
ABEV,0,0
ABG,2008,4
ABIO,0,0
ABM,1981,0
ABMD,0,0
ABT,1999,31
ACAD,0,0
ACCO,2003,30
ACH,0,0
ACHC,2003,32
ACIW,2002,33
ACLS,430,10
ACM,1998,33
ACN,0,0
ACOR,1997,23
ACRX,691,21
ACST,0,0
ACTG,477,0
ACU,1992,33
ADBE,1964,0
ADES,597,17
ADI,1987,0
ADM,1999,33
ADMA,1743,32
ADMP,1143,3
ADP,1806,33
ADSK,1366,0
ADTN,8,7
ADUS,1413,23
AE,341,19
AEE,1995,29
AEHR,1617,0
AEIS,663,12
AEM,2001,11
AEO,528,0
AEP,2006,33
AERI,1509,0
AES,1997,32
AEY,1440,0
AEZS,0,0
AG,441,4
AGCO,1996,33
AGEN,692,24
AGI,1546,4
AGIO,0,8
AGRO,1552,2
AGRX,1779,14
AGTC,449,0
AGX,0,0
AGYS,0,33
AHPI,612,1
AIM,652,16
AIMC,2004,33
AIN,1997,33
AIR,1854,0
AIRI,1993,29
AIRT,1595,32
AIT,1986,33
AJRD,1351,24
AKAM,1995,11
AKBA,581,3
AL,1997,33
ALB,2002,33
ALCO,1995,33
ALDX,738,2
ALE,2001,33
ALG,1996,33
ALGN,1,0
ALGT,1996,33
ALIM,1415,32
ALK,1998,33
ALKS,2002,31
ALLE,1938,29
ALLT,0,0
ALNY,692,8
ALOT,1280,0
ALR,1081,31
AMAT,1990,0
AMBA,0,0
AMC,1478,33
AMCX,1510,33
AMD,1273,22
AME,1998,19
AMED,1952,32
AMGN,1999,30
AMKR,2001,33
AMN,2001,26
AMOT,1992,32
AMPE,954,0
AMPH,1685,33
AMRC,2002,33
AMRK,1962,10
AMRN,114,1
AMRS,43,33
AMSC,217,12
AMSWA,0,0
AMTX,81,31
AMWD,1143,0
AMX,0,0
AMZN,2006,33
AN,2012,33
ANDE,1996,33
ANET,76,0
ANF,1980,0
ANGI,1281,30
ANGO,1386,0
ANIK,200,2
ANIP,1861,18
ANSS,566,10
ANY,1474,8
AOS,1666,32
AOSL,911,32
AP,1574,25
APA,1558,31
APD,2007,33
APDN,628,10
APEI,162,1
APH,1998,33
APOG,1309,0
APPS,1693,19
APT,0,0
APWC,0,0
AR,1997,23
ARAY,1981,24
ARC,1998,33
ARCB,1996,33
ARCO,0,0
ARCT,741,0
ARDX,985,4
ARKR,1994,7
ARLP,1996,33
ARMK,1995,33
ARTNA,1996,33
ARTW,1954,0
ARW,2004,31
ARWR,44,18
ASC,1559,2
ASGN,1995,24
ASH,2001,26
ASM,1550,2
ASMB,0,0
ASML,0,0
ASPN,126,18
ASR,0,0
ASTC,398,3
ASTE,63,31
ASTI,267,18
ASUR,1929,20
ASX,0,0
ASYS,752,29
ATEC,1364,30
ATEN,0,0
ATHM,0,0
ATHX,0,0
ATI,2000,33
ATNI,1261,30
ATNM,82,9
ATO,1998,23
ATOS,0,0
ATR,2000,33
ATRC,1489,33
ATRI,0,0
ATRO,1999,33
ATRS,1177,0
ATSG,1999,33
ATVI,1999,19
AU,0,0
AUDC,436,3
AUMN,1529,0
AUY,1559,4
AVA,1996,33
AVAV,257,0
AVD,1887,33
AVEO,1456,24
AVGO,1975,0
AVNW,1674,0
AVT,1996,33
AVY,2002,33
AWH,1206,27
AWI,2005,33
AWK,1998,33
AWR,1999,33
AWRE,0,0
AWX,1813,33
AXDX,457,13
AXGN,1170,24
AXON,0,7
AXTI,32,1
AXU,0,0
AYI,1940,0
AZN,0,0
AZO,0,0
AZPN,984,7
AZZ,1874,0
B,2005,33
BA,1065,33
BAH,2003,31
BAK,0,0
BAX,2004,26
BBBY,1953,0
BBGI,2001,33
BBSI,512,25
BBW,186,0
BBY,1977,0
BC,2002,33
BCC,2003,10
BCE,0,0
BCLI,0,0
BCO,2005,33
BCOR,1997,32
BCOV,97,3
BCPC,1996,33
BCRX,1508,13
BDC,1999,25
BDL,1994,32
BDX,2000,29
BECN,1996,20
BELFB,1995,30
BEP,0,0
BERY,1555,33
BFAM,1996,33
BG,2002,32
BGFV,1445,33
BGS,2007,32
BGSF,1996,0
BH,1996,17
BHE,1595,32
BHP,0,0
BIDU,0,0
BIG,1305,0
BIIB,1693,17
BIO,1077,33
IBIO,1421,18
IBM,2004,33
IBP,1993,33
ICAD,1364,22
ICCC,1772,0
ICFI,1997,0
ICLR,1681,1
ICPT,760,8
ICUI,482,2
IDA,2002,24
IDCC,1997,16
IDN,29,4
IDT,40,0
IDXX,1193,17
IEP,1999,27
IESC,1197,31
IEX,2004,26
IFF,1999,26
IGT,0,0
IHG,0,0
III,1995,32
IIIN,0,3
ILMN,2001,23
IMAX,547,0
IMGN,49,0
IMKTA,1997,33
IMMR,0,0
IMO,1998,9
IMOS,1994,1
INCY,442,14
INFI,1403,9
INFN,2001,16
INFU,2001,33
INFY,0,0
INGN,65,6
INGR,2001,33
INO,460,7
INOD,1932,33
INSM,1686,18
INT,2003,33
INTC,2006,25
INTT,69,3
INTU,1876,0
INUV,1478,17
INVE,1771,19
IOSP,1414,27
IP,1998,33
IPAR,881,29
IPG,2007,24
IPGP,0,30
IPI,1434,10
IPWR,0,3
IRBT,0,0
IRDM,2002,22
IRIX,275,3
IRWD,1287,24
ISR,0,0
ISRG,0,0
ISSC,0,0
IT,1546,33
ITCI,1399,0
ITGR,1994,33
ITI,0,0
ITRI,1998,31
ITRN,0,0
ITT,882,0
ITW,1996,24
IVAC,0,0
IVC,1739,0
JACK,385,33
JAKK,1739,25
JAZZ,1999,33
JBHT,2004,10
JBL,1946,0
JBLU,2001,33
JBSS,1877,33
JBT,1996,31
JCI,2006,30
JD,0,0
JHX,0,0
JJSF,0,33
JKHY,359,1
JKS,0,0
JNJ,2001,33
JNPR,1995,20
JOB,1929,22
JOBS,0,0
JOUT,255,12
JVA,1753,0
JWN,1983,0
K,2000,31
KAI,1823,33
KALU,2007,30
KAMN,2000,23
KAR,1998,33
KBAL,352,33
KBH,1954,0
KBR,1433,17
KELYA,297,0
KEP,0,0
KEX,1998,28
KFRC,1915,2
KFY,1598,0
KGC,1555,1
KIQ,0,0
KIRK,627,0
KLAC,1996,26
KLIC,608,20
KMB,1893,33
KMDA,0,0
KMI,2002,33
KMT,1993,23
KMX,1955,0
KN,1875,29
KNDI,1521,10
KNOP,1962,7
KNX,1778,30
KO,2003,33
KODK,1310,24
KOF,0,0
KOP,1887,33
KOPN,0,0
KOS,2000,31
KPTI,551,2
KR,1968,0
KRO,1997,33
KSS,1980,0
KT,0,0
KTCC,1947,33
KTOS,1997,32
KVHI,1263,24
KWR,1759,32
LAB,2000,11
LAD,1996,33
LAKE,575,0
LANC,0,0
LBTYA,1999,33
LBTYK,1999,33
LCI,1405,28
LCUT,1997,33
LDOS,1976,27
LE,1977,0
LECO,1818,30
LEDS,1756,0
LEE,139,33
LEG,1999,33
LEN,1958,0
LEU,182,3
LFUS,2001,33
LFVN,1190,19
LGND,1999,17
LH,2004,28
LHCG,1650,23
LII,761,33
LIN,2008,31
LINC,1996,30
LIQT,316,12
LITB,0,0
LIVE,1729,32
LJPC,0,0
LL,1507,8
LLY,2005,30
LMAT,479,5
LMNR,1978,0
LMT,1890,15
LNG,1914,33
LNN,1837,0
LNT,1997,26
LODE,1937,28
LOGI,0,0
LOPE,873,29
LOV,284,1
LOW,1768,0
LPCN,921,13
LPG,1979,32
LPL,0,0
LPSN,796,11
LPTH,1227,33
LPX,1999,24
LQDT,0,0
LRCX,1984,33
LRN,567,33
LSCC,1803,29
LSTR,2001,31
LTBR,6,0
LTRX,274,25
LULU,57,0
LUNA,919,28
LUV,2003,33
LVS,1997,33
LWAY,1480,4
LXFR,2003,13
LXRX,1410,27
LXU,1996,33
LYB,2006,29
LYTS,926,22
LYV,1664,33
LZB,14,0
M,1979,0
MA,2002,25
MACK,1239,7
MAG,0,0
MAN,1998,33
MANH,0,0
MANT,87,0
MANU,0,0
MAR,1301,33
MARA,1322,14
MARK,687,13
MARPS,0,0
MAS,1725,29
MASI,637,9
MAT,2004,15
MATW,1997,33
MATX,2002,33
MBII,1455,0
MBUU,1744,29
MCD,570,33
MCHP,1995,33
MCHX,266,0
MCK,1705,31
MCRI,1737,25
MCS,1958,26
MD,2002,32
BIOC,1385,29
BIOL,984,17
BJRI,1858,0
BKD,1995,33
BKE,0,0
BKEP,1330,0
BKH,1998,29
BKR,1954,20
BLDP,308,0
BLDR,2001,33
BLFS,632,7
BLIN,1875,25
BLKB,1998,33
BLMN,1999,33
BLRX,0,0
BLUE,359,1
BMI,1161,0
BMRN,2002,17
BMY,2007,26
BNFT,128,33
BOOM,1451,29
BOSC,1924,1
BP,0,0
BPT,0,0
BPTH,0,0
BR,1997,31
BRC,884,0
BRFS,0,0
BRKR,1996,26
BSET,5,0
BSQR,423,3
BSX,1998,24
BTG,1345,7
BTI,0,0
BUD,0,0
BURL,1084,0
BVN,0,0
BWEN,1435,33
BWXT,1998,31
BXC,683,33
BYD,1996,26
BZH,2002,31
CACI,1982,32
CAE,1616,2
CAG,1962,0
CAH,1954,32
CAJ,0,0
CAKE,665,20
CAL,1977,0
CALM,22,0
CALX,1104,0
CAMP,1770,0
CAMT,0,0
CANF,0,0
CAPL,1995,33
CAPR,305,6
CAR,1577,33
CARA,920,0
CASI,296,0
CASS,41,0
CASY,1979,0
CAT,2001,33
CATO,0,0
CBAY,973,16
CBD,0,0
CBRL,1966,0
CBT,1998,32
CBZ,1996,33
CCF,960,0
CCJ,0,0
CCK,2003,33
CCL,1958,0
CCLP,1618,33
CCM,0,0
CCMP,1996,0
CCO,68,32
CCOI,389,33
CCRN,1996,33
CCS,1993,32
CCU,0,0
CCXI,696,0
CDE,1998,33
CDNS,2010,23
CDW,1993,32
CDXS,0,7
CDZI,158,33
CE,2011,33
CEA,0,0
CECO,1997,33
CEMI,666,18
CENT,1997,33
CENTA,1997,33
CENX,1996,19
CEQP,1996,33
CERN,1537,0
CERS,1933,23
CEVA,0,0
CF,1997,13
CGA,0,0
CGEN,0,0
CGNX,0,0
CHCI,1993,9
CHD,2001,11
CHDN,2003,33
CHE,2003,27
CHEF,1998,21
CHGG,991,13
CHH,289,27
CHKP,0,0
CHNR,0,0
CHRW,1995,13
CHS,1530,0
CHSCP,1935,0
CHT,0,0
CHTR,1816,33
CHUY,506,0
CIDM,296,27
CIEN,1788,0
CIG,0,0
CIR,1770,33
CIVI,1012,20
CIX,0,0
CJJD,1994,0
CL,1556,31
CLB,1819,32
CLDX,77,0
CLF,932,32
CLFD,0,0
CLH,1997,32
CLIR,0,3
CLMT,1582,32
CLNE,1567,33
CLR,1998,0
CLRB,213,18
CLRO,236,11
CLS,0,0
CLW,2002,20
CLX,1985,13
CMC,1939,0
CMCM,0,0
CMCO,2002,33
CMCSA,2007,33
CMG,0,0
CMP,2005,18
CMPR,1320,33
CMRE,2008,7
CMRX,259,4
CMS,2007,33
CMT,1644,30
CMTL,1534,0
CNC,2009,32
CNCE,1427,3
CNET,334,0
CNI,0,0
CNK,1999,33
CNMD,2006,33
CNP,1998,33
CNQ,0,0
CNR,1976,0
CNSL,2001,33
CNTY,1992,33
CNX,2001,33
CNXN,0,0
CO,1982,0
COHR,1982,32
COHU,834,22
COKE,1996,33
COLM,12,3
COMM,1838,29
CONN,1983,0
COO,1980,0
COP,1999,33
CORT,628,9
COST,1950,0
COTY,1982,29
CP,301,6
CPA,0,0
CPAC,0,0
CPB,1967,0
CPE,1998,23
CPG,0,0
CPHI,1882,28
CPIX,1202,20
CPK,1997,32
CPLP,2006,7
CPRT,1939,0
CPRX,0,0
CPSH,460,10
CPSI,1551,26
CQP,1962,24
CR,1998,17
CRAI,706,4
CREG,1066,16
CRESY,0,0
CRH,0,0
CRI,2007,20
CRIS,1171,21
CRK,1309,24
CRL,1997,33
CRM,1558,0
CRMD,834,1
CRMT,1982,0
CRNT,1915,3
CROX,844,28
MDC,2004,33
MDGL,404,7
MDLZ,1996,33
MDRX,1884,25
MDT,1984,0
MDU,1996,33
MDWD,0,0
MDXG,783,11
MED,0,6
MEI,1261,0
MEIP,0,0
MELI,1932,33
MEOH,0,0
MERC,2001,27
MG,1956,21
MGEE,1998,33
MGIC,0,1
MGM,1995,31
MGNX,0,0
MGPI,1715,29
MHH,1740,29
MHK,2000,33
MHO,2006,33
MIC,2003,0
MIDD,1997,20
MITK,291,6
MIXT,0,0
MKC,1959,0
MKSI,1496,22
MLAB,1998,27
MLI,1831,32
MLM,2000,33
MLSS,0,9
MMLP,1261,30
MMM,2002,27
MMP,1999,27
MMS,986,11
MMSI,1995,33
MMYT,0,0
MNDO,0,0
MNKD,0,23
MNOV,0,0
MNRO,1997,33
MNST,0,0
MNTX,1997,33
MO,1840,22
MODN,1303,12
MOH,2003,18
MORN,1286,23
MOS,2002,33
MOV,455,0
MPC,2000,33
MPLX,2000,33
MPWR,0,0
MPX,0,0
MRC,2001,31
MRCY,1487,1
MRIN,555,16
MRK,1997,33
MRO,1999,17
MRTN,0,8
MRTX,0,0
MRVL,962,0
MSA,2007,33
MSB,0,0
MSCI,1150,20
MSEX,2000,33
MSFT,2002,31
MSI,316,33
MSM,1940,0
MSN,0,0
MSTR,348,7
MT,0,0
MTD,2006,32
MTDR,1996,25
MTEX,10,33
MTH,2002,33
MTLS,1300,0
MTN,1967,0
MTR,0,0
MTRN,634,33
MTRX,305,23
MTSI,2001,33
MTW,2001,31
MTX,1996,33
MTZ,1995,33
MU,1901,0
MUR,1999,31
MUSA,1997,33
MUX,727,16
MVIS,0,16
MVO,0,0
MWA,1997,21
MX,551,9
MXC,1083,25
MXL,1240,19
MYE,2000,10
MYGN,1170,7
MYRG,1680,25
NAII,452,4
NAK,0,0
NAT,2001,0
NATH,0,3
NATI,90,0
NATR,435,15
NAVB,799,10
NBIX,1243,9
NBR,1998,33
NBY,317,5
NC,1361,33
NCLH,2003,33
NCMI,0,25
NCR,2001,8
NCTY,0,0
NDLS,1992,33
NDSN,1981,0
NEE,2002,33
NEM,2003,27
NEO,2004,33
NEOG,0,0
NEON,1284,32
NEP,2001,32
NEPT,0,0
NEU,2003,22
NFG,1996,12
NFLX,2009,24
NG,1956,0
NGD,0,0
NGG,0,0
NGL,1995,33
NGS,0,1
NGVC,2002,33
NHC,52,33
NHTC,0,0
NI,2002,33
NICE,0,0
NJR,2000,33
NKE,1732,0
NKTR,1714,15
NL,0,1
NLS,1374,20
NLSN,2004,0
NM,1986,7
NMM,2003,7
NNBR,1996,33
NNVC,1398,2
NOA,0,0
NOC,2008,24
NOG,866,19
NOK,0,0
NOV,2000,13
NOW,1997,13
NP,1997,0
NPK,0,0
NPO,1998,33
NPTN,1978,0
NR,1952,29
NRG,1670,31
NRP,1996,33
NRT,0,0
NS,1999,33
NSC,2008,32
NSIT,1625,33
NSP,1448,7
NSPR,1551,6
NSSC,500,16
NSTG,1845,28
NTAP,1985,0
NTCT,1629,11
NTES,0,0
NTGR,0,0
NTIC,0,0
NTWK,1049,33
NTZ,0,0
NUE,1993,18
NURO,0,0
NUS,1994,33
NUVA,1938,17
NVAX,633,20
NVDA,1991,0
NVEC,0,0
NVFY,950,8
NVGS,0,0
NVIV,394,16
NVMI,0,0
NVO,0,0
NVR,2001,13
NVS,0,0
NWE,2007,20
NWL,1996,28
NWN,1999,25
NWPX,320,28
NWS,906,23
NWSA,888,23
NX,1725,0
NXPI,2006,16
NXST,1996,33
NYMX,0,1
NYT,1999,18
OBCI,1051,0
OC,2008,25
OCC,1977,0
ODC,775,0
ODFL,408,18
ODP,1969,32
OESX,1109,33
OFIX,83,14
OFLX,0,0
OGE,1997,27
OGEN,292,2
OGS,1999,11
OI,2003,33
OII,1935,13
OIIM,0,0
OIS,1448,33
OKE,1998,29
OLED,0,0
OLN,2006,33
OMAB,0,0
OMC,2009,14
OMCL,1306,18
OMER,252,14
OMEX,64,30
OMI,2003,25
ON,2001,33
ONCS,8,0
ONTX,0,0
ONVO,0,2
OPK,969,8
OPTT,13,0
ORA,1998,32
ORAN,0,0
ORCL,1764,0
ORLY,1771,31
ORMP,0,0
ORN,2001,31
OSIS,1626,33
OSTK,641,23
OSUR,0,2
OTEX,2002,33
CRS,1984,17
CRT,0,0
CRTO,102,12
CRUS,568,10
CRVL,0,0
CRWS,305,10
CSCO,1978,0
CSGP,2006,19
CSGS,1997,33
CSII,915,2
CSIQ,1737,4
CSL,2009,13
CSPI,167,12
CSTE,0,0
CSTM,0,0
CSV,1999,33
CSX,2014,29
CTAS,1953,0
CTG,499,19
CTHR,0,1
CTIC,1583,20
CTRN,482,0
CTS,1882,29
CTSH,640,31
CTT,1992,0
CTXS,1874,0
CUK,1329,0
CUTR,377,9
CVCO,1204,31
CVE,1866,0
CVEO,1993,31
CVGW,1341,0
CVI,2001,20
CVLT,0,0
CVM,1228,29
CVR,0,0
CVS,1999,27
CVT,81,2
CVU,1175,33
CVV,1385,28
CVX,1998,33
CW,2002,22
CWCO,0,8
CWST,800,30
CWT,2002,33
CX,0,0
CYAN,1992,33
CYBE,0,0
CYCC,0,0
CYH,903,33
CYRN,1294,4
CYTK,1287,14
D,2003,33
DAC,2003,7
DAIO,0,0
DAKT,162,0
DAL,2007,33
DAR,1997,33
DBD,1155,33
DCI,1965,0
DCO,2005,33
DCTH,698,5
DDD,329,24
DDS,1981,0
DE,1985,0
DECK,463,25
DENN,261,33
DEO,0,0
DG,1985,0
DGII,412,11
DGLY,806,14
DGX,2002,33
DHI,2007,33
DHR,2012,26
DHT,1982,7
DHX,1630,31
DIN,831,33
DIOD,1884,33
DIS,1999,32
DISCK,2002,0
DISH,1998,33
DIT,2011,33
DJCO,1978,24
DK,1997,33
DKL,188,33
DKS,1469,0
DLA,1998,33
DLB,0,0
DLNG,0,0
DLTR,1990,0
DLX,2001,32
DMLP,0,0
DMRC,132,3
DNN,0,3
DNOW,580,19
DOOR,1997,31
DOV,2012,13
DOX,0,0
DPZ,0,33
DQ,0,0
DRD,0,0
DRI,1958,0
DRQ,0,0
DRRX,1935,31
DSGX,784,0
DSS,1661,30
DSWL,0,0
DSX,2002,2
DTE,2006,32
DUK,1997,33
DVA,2001,33
DVAX,1641,12
DVN,1998,24
DWSN,405,28
DXCM,1308,13
DXLG,1885,0
DXPE,1997,32
DXYN,1998,33
DY,1922,0
DZSI,1574,16
E,0,0
EA,1972,2
EAT,173,33
EBAY,2011,27
EBF,1503,0
EBIX,1887,33
EBR,0,0
EBS,1743,21
EC,0,0
ECL,1997,29
ECOL,1995,0
ECOM,0,0
ED,1997,32
EDAP,0,0
EDN,0,0
EDU,0,0
EDUC,1836,0
EFX,2007,25
EGAN,291,17
EGHT,786,13
EGLE,1992,30
EGO,0,0
EGRX,1174,11
EGY,1771,8
EIX,2002,33
EL,1988,30
ELMD,143,14
ELP,0,0
ELTK,1983,1
EMAN,505,10
EME,1987,33
EMKR,1414,0
EMN,2003,26
EMR,1998,33
ENB,0,0
ENG,408,22
ENLC,1998,33
ENPH,1664,21
ENS,1998,33
ENSG,1808,14
ENSV,1828,33
ENTA,0,0
ENTG,1999,29
ENV,1932,18
ENZ,365,0
EOG,1999,33
EPAM,0,19
EPAY,1982,0
EPC,2003,29
EPD,1995,33
EPM,34,0
EPZM,518,0
EQT,2007,30
ERF,0,0
ERIC,0,0
ERII,808,15
ERJ,0,0
ESCA,1520,26
ESE,1531,32
ESEA,1996,7
ESLT,0,0
ESP,0,0
ESPR,0,12
ESTE,971,26
ET,1997,33
ETN,2002,33
ETR,1997,33
EVC,1997,33
EVGN,0,0
EVI,1336,21
EVOK,653,4
EVTC,1998,33
EW,1963,31
EXAS,1063,26
EXC,2002,33
EXEL,398,9
EXK,0,0
EXLS,1438,32
EXP,1996,31
EXPD,0,0
EXPE,2001,25
EXPO,0,0
EXPR,1755,0
EXTR,1971,33
FANG,1997,19
FARM,1444,28
FARO,0,2
FAST,1751,0
FATE,1025,12
FBIO,1995,20
FC,1928,0
FCEL,1916,0
FCFS,2005,33
FCN,2001,9
FCX,1995,33
OTTR,1995,32
OXM,1125,0
OXY,1999,25
PAA,1996,32
PAAS,0,0
PAC,0,0
PACB,1756,4
PAG,2002,33
PAGP,1994,32
PAHC,1968,33
PAM,0,0
PANL,1980,31
PANW,1971,0
PAR,1113,31
PARR,1995,33
PATK,1996,29
PAYC,1023,31
PAYX,827,0
PBA,1934,0
PBF,1997,32
PBFX,1495,0
PBH,1997,32
PBI,1885,33
PBPB,371,4
PBR,0,0
PBT,0,0
PBYI,842,9
PCG,2002,26
PCH,2007,16
PCOM,0,0
PCRX,2002,14
PCTI,0,0
PCTY,477,1
PCYG,1513,25
PCYO,0,0
PDCE,1996,29
PDCO,1981,0
PDEX,918,31
PDFS,0,0
PDS,0,0
PED,954,19
PEG,2001,31
PEGA,548,4
PENN,1213,31
PEP,2008,32
PERI,0,0
PESI,1677,32
PETS,0,0
PFE,1997,31
PFIE,0,12
PFMT,1996,28
PFSW,1915,33
PG,1996,31
PGTI,2003,29
PH,1986,33
PHG,0,0
PHI,0,0
PHM,2007,33
PHX,1997,33
PINC,875,33
PKE,1954,0
PKG,1996,33
PKI,1999,29
PKOH,1995,32
PKX,0,0
PLAB,711,0
PLCE,1129,0
PLG,0,0
PLM,0,0
PLPC,1996,33
PLUG,1352,30
PLUS,1651,33
PLX,328,9
PLXS,2002,33
PM,0,32
PMD,1691,33
PME,730,11
PNM,2001,32
PNR,2002,33
PNW,2002,31
PODD,1997,21
POOL,2003,33
POR,2004,25
POST,1996,32
POWI,0,0
POWL,0,24
PPC,1949,33
PPG,2008,33
PPL,2002,28
PRFT,1850,10
PRGO,1933,27
PRGS,1830,0
PRIM,1997,33
PRLB,0,10
PRMW,1997,32
PRO,1384,9
PRPH,1518,5
PRTA,0,0
PRTK,945,18
PSMT,1857,0
PSO,0,0
PSX,2002,33
PTC,1999,13
PTCT,1639,17
PTEN,2005,19
PTN,635,18
PTNR,0,0
PTSI,1996,33
PULM,1740,6
PVH,1976,0
PWR,1676,33
PXD,1998,20
PXLW,805,10
PZG,1667,2
PZZA,616,22
QCOM,1757,10
QDEL,1131,23
QGEN,2002,9
QLYS,0,0
QNST,1539,5
QRHC,764,30
QTWO,1052,16
QUAD,1997,33
QUIK,1591,20
QUMU,967,28
QUOT,1169,15
QURE,602,4
R,2008,33
RAD,1818,0
RAIL,810,11
RARE,0,0
RAVE,1266,3
RBA,1556,24
RBC,1059,32
RBCN,0,0
RCI,0,0
RCII,2006,31
RCKY,1095,22
RCL,2007,33
RCMT,1853,29
RCON,0,0
RDHL,0,0
RDI,1994,33
RDNT,1931,33
RDUS,1154,0
RDWR,0,0
RDY,0,0
REED,1263,29
REFR,0,0
REGI,1744,0
REGN,1337,17
REI,1619,17
RELL,0,0
RELX,0,0
RENN,0,0
RES,252,0
REX,336,0
RFIL,108,0
RFP,1995,25
RGEN,1491,6
RGLD,1334,11
RGLS,1704,6
RGP,1324,0
RGR,0,0
RGS,1984,11
RH,1533,0
RHI,0,0
RIBT,951,31
RICK,1996,33
RIG,1998,33
RIGL,669,3
RIO,0,0
RL,1938,33
RLGT,1964,10
RMBS,2005,22
RMCF,1560,0
RMD,1996,31
RMTI,508,7
RNG,1769,28
RNWK,639,0
ROCK,1207,22
ROG,1568,31
ROK,1999,14
ROL,594,13
ROP,1998,20
ROST,1678,0
RPM,1955,0
RRC,2005,33
RRGB,1991,33
RS,2002,29
RSG,2006,33
RUSHA,1996,33
RUSHB,1996,33
RUTH,1689,26
RVNC,590,18
RVP,1138,33
RYAAY,486,2
RYAM,1560,33
RYN,1996,28
SA,0,0
SABR,1767,33
SAFM,127,0
SAH,2007,33
SAIA,1588,33
SAIC,1977,0
SALM,1996,33
SAM,389,1
SAND,0,0
SANM,2006,27
SANW,1961,33
SAP,0,0
SATS,1997,33
SAVE,1864,31
SB,2003,2
SBGI,1619,33
SBH,465,33
SBLK,1977,4
SBR,0,0
SBS,0,0
SBUX,1139,28
SCCO,1999,10
SCHL,418,0
SCHN,1875,0
SCI,2001,33
SCL,2003,29
FDP,1732,33
FDS,1636,0
FDX,1969,0
FE,1999,33
FEIM,132,0
FELE,1892,28
FENG,0,0
FET,2001,33
FF,0,0
FFIV,543,8
FICO,1845,20
FIS,1997,33
FISV,2003,31
FIVE,0,0
FIVN,1999,33
FIX,1622,33
FIZZ,265,0
FL,214,0
FLEX,2005,33
FLL,1997,33
FLO,1994,33
FLR,2002,30
FLS,2008,33
FLT,1998,33
FLWS,1931,27
FLXS,169,2
FMC,2001,33
FMS,0,0
FMX,0,0
FN,328,32
FNV,0,0
FOLD,1812,28
FONR,412,31
FORD,1041,15
FORM,746,24
FORR,793,14
FOSL,1993,24
FOX,793,5
FOXA,793,5
FRD,0,4
FRGI,1841,33
FRO,1784,6
FSI,1150,21
FSLR,281,33
FSM,357,2
FSS,1914,12
FSTR,1812,33
FTEK,79,3
FTI,2006,27
FTK,1532,25
FTNT,294,4
FUL,1963,0
FUN,759,15
FWRD,1083,33
G,1996,33
GAIA,886,12
GALT,189,3
GASS,1973,7
GATX,2002,33
GBR,1200,3
GBX,1939,0
GCO,1118,0
GD,2008,24
GDOT,688,18
GE,2002,33
GEF,1984,0
GEL,1998,31
GEN,1518,28
GENC,0,0
GENE,0,0
GEOS,0,0
GERN,372,5
GEVO,1789,26
GFF,2003,33
GFI,0,0
GGB,0,0
GGG,1963,31
GHC,1998,28
GHM,223,33
GIB,1627,2
GIFI,108,4
GIGM,0,0
GIII,1793,0
GIL,0,0
GILD,2000,33
GILT,1525,1
GIS,1969,0
GLDD,1998,23
GLMD,0,0
GLNG,1984,1
GLOP,0,0
GLP,1996,31
GLT,2000,32
GLW,2002,25
GLYC,0,0
GME,1654,0
GMED,0,0
GNE,0,5
GNRC,1997,33
GOGL,1992,7
GOGO,564,31
GOL,0,0
GOLD,2001,11
GOOG,0,33
GOOGL,0,33
GORO,0,13
GPI,2000,33
GPK,2007,33
GPN,1961,22
GPRE,2002,33
GPRK,1049,7
GPRO,1878,9
GPS,1980,0
GRC,0,0
GRFS,0,0
GRMN,0,0
GRPN,1683,23
GRVY,0,0
GSAT,1792,24
GSIT,0,0
GSK,0,0
GSL,2005,3
GSM,1933,2
GSV,0,0
GTE,1493,18
GTIM,1463,27
GTLS,2002,17
GTN,1933,23
GURE,0,24
GVA,2003,30
GVP,857,10
GWRE,1030,0
GWW,2002,30
H,2002,30
HA,2007,33
HAE,2002,33
HAIN,1986,32
HAL,2006,27
HALO,1806,24
HAS,2002,16
HAYN,155,28
HBI,2007,33
HBIO,1962,33
HBM,1835,1
HCA,484,33
HCCI,1602,19
HCKT,886,17
HCSG,537,0
HD,1495,0
HDSN,1589,33
HE,1995,23
HEAR,950,15
HEES,2002,32
HEI,1914,0
HELE,1953,0
HEP,1998,32
HES,1997,33
HHS,799,20
HI,1998,27
HIBB,77,0
HIHO,0,0
HII,1997,17
HIL,1996,0
HIMX,0,0
HL,2002,33
HLF,456,33
HLIT,1587,27
HLT,1260,33
HLX,1998,33
HMHC,1964,0
HMTV,1994,0
HMY,0,0
HNI,2001,32
HNRG,1931,4
HOFT,1305,0
HOLI,101,9
HOLX,2002,33
HON,2011,33
HOV,274,0
HP,1484,6
HPQ,376,0
HRB,614,1
HRL,850,0
HRTX,618,5
HSC,1997,33
HSIC,2000,33
HSII,1091,9
HSKA,635,22
HSON,1257,0
HSTM,1813,0
HSY,2001,31
HTHT,0,0
HTLD,13,5
HUBG,1976,33
HUM,2003,27
HUN,2003,33
HURC,0,0
HURN,2003,30
HUSA,108,0
HVT,1973,19
HWKN,1620,25
HXL,2010,33
HY,1738,33
HZNP,1997,30
HZO,1917,8
IAG,1405,2
IART,1999,32
IBA,0,1
SCOR,1748,22
SCS,1963,0
SCSC,1672,32
SCVL,236,0
SCX,1974,30
SCYX,1429,13
SDPI,1992,33
SEAC,55,0
SEAS,1649,33
SEB,1607,24
SEE,1369,26
SEED,1993,0
SEM,1997,33
SENEA,1998,33
SFL,1978,0
SFM,1997,33
SGA,1202,11
SGC,2008,33
SGEN,0,0
SGMA,1976,0
SGMO,323,0
SGU,2001,28
SHEN,2001,17
SHI,0,0
SHIP,1758,4
SHOO,240,0
SHW,2007,29
SID,0,0
SIF,1916,33
SIFY,0,0
SIG,1781,0
SIGA,987,2
SILC,0,0
SIM,0,0
SIMO,0,0
SIRI,449,32
SIX,442,28
SJI,1998,30
SJM,1986,0
SJR,0,0
SJT,0,0
SJW,1998,33
SKM,0,0
SKX,603,33
SKY,1170,10
SKYW,1996,33
SLAB,1702,25
SLB,2008,31
SLCA,2003,33
SLGN,1996,33
SLP,0,0
SM,2003,30
SMCI,1281,19
SMED,650,0
SMG,1997,30
SMLP,1996,33
SMSI,855,3
SMTC,1980,0
SNA,2012,16
SNCR,1672,16
SNDA,1485,32
SNN,0,0
SNPS,464,0
SNX,1956,0
SNY,0,0
SO,1997,33
SOFO,1373,33
SOHU,1803,5
SOL,0,0
SON,2004,33
SP,1997,31
SPB,1996,26
SPCB,0,0
SPH,1997,28
SPLK,878,0
SPNS,0,0
SPOK,0,0
SPPI,1326,1
SPR,2001,33
SPSC,0,0
SPTN,1992,33
SPWH,1227,0
SPWR,1671,33
SPXC,2003,31
SQM,0,0
SQNS,0,0
SR,1997,28
SRCL,1997,33
SRDX,3,0
SRE,1997,33
SREV,1999,0
SRI,1995,33
SRLP,1829,0
SRNE,1469,24
SRPT,1385,20
SRT,1852,30
SSD,184,1
SSL,0,0
SSNC,1998,33
SSP,1996,33
SSTK,0,0
SSYS,0,0
ST,2004,33
STAA,970,33
STE,1996,23
STKL,1993,33
STKS,1992,31
STLD,1996,33
STM,0,0
STN,0,0
STNG,2005,6
STON,1177,0
STRA,1735,6
STRL,1808,29
STRM,1698,0
STX,1996,30
STZ,1954,0
SU,0,0
SUN,1996,32
SUPN,1412,6
SWIR,0,0
SWK,2002,19
SWKS,232,5
SWN,1810,29
SWX,1998,33
SXC,2004,33
SXI,1982,26
SXT,1998,33
SYK,2007,33
SYNA,1872,22
SYPR,1999,31
SYY,1984,33
T,2001,33
TA,1960,29
TAC,0,0
TACT,150,3
TAP,1998,27
TARO,0,0
TAST,1998,33
TATT,0,0
TAYD,0,0
TBI,1270,19
TBPH,433,10
TCS,1955,24
TCX,1935,19
TDC,1996,33
TDG,0,31
TDS,2001,31
TDW,1932,16
TDY,2002,30
TECH,1888,13
TEDU,0,0
TEF,0,0
TEL,2007,31
TENX,203,0
TEO,0,0
TER,1138,7
TESS,1014,18
TEVA,1052,17
TEX,2007,33
TFX,2003,31
TG,1852,33
TGA,0,0
TGB,0,0
TGH,1998,10
TGI,1016,33
TGNA,2003,33
TGS,0,0
TGT,1986,0
TGTX,412,7
THC,2000,33
THM,0,0
THO,1031,0
THR,1997,33
THS,1997,33
TILE,1997,33
TISI,1956,26
TITN,1978,0
TJX,1984,0
TK,1980,9
TKC,0,0
TKR,1995,33
TLF,1468,24
TLK,0,0
TLYS,228,0
TMHC,1999,33
TMO,2001,33
TMQ,0,0
TMST,1710,26
TMUS,2002,32
TNC,1710,33
TNDM,1713,10
TNET,1582,31
TNK,1977,7
TNP,1966,7
TNXP,0,0
TOL,1980,0
TOPS,1983,3
TOUR,0,0
TPC,1999,33
TPH,1997,30
TPL,0,0
TPX,1851,33
TR,0,12
TREX,986,0
TRGP,2001,33
TRI,2001,4
TRIB,0,0
TRIP,1341,26
TRMB,1996,31
TRN,2003,33
TRNS,1995,33
TROX,1997,32
TRP,0,0
TRQ,0,0
TRS,2002,31
TRTN,2003,31
TRUE,629,3
TRVN,1501,19
TRX,0,0
TS,0,0
TSCO,1704,33
TSE,1995,30
TSEM,1994,1
TSM,0,0
TSN,1997,32
TSRI,90,0
TTC,1981,0
TTEC,1995,30
TTEK,2000,33
TTGT,1423,20
TTI,1995,33
TTMI,1999,28
TTWO,824,1
TU,0,0
TUP,900,33
TV,0,0
TWI,2007,33
TWIN,1292,33
TWOU,737,16
TWTR,1933,0
TX,0,0
TXMD,377,5
TXN,2002,29
TXRH,635,26
TXT,2008,33
TYL,449,13
TZOO,1543,1
UAL,2007,33
UAMY,1184,29
UAN,2001,8
UCTT,2000,31
UEC,1675,0
UEIC,1637,23
UFI,1974,33
UFPI,1745,13
UFPT,497,25
UG,0,0
UGI,1997,33
UGP,0,0
UHAL,1998,32
UHS,1996,33
UIS,0,30
UL,0,0
ULBI,360,5
ULTA,533,0
UMC,0,0
UNF,0,0
UNFI,1962,0
UNH,2000,33
UNP,2006,33
UPS,1998,33
URBN,350,0
URG,2001,13
URI,2013,33
USAC,1934,28
USAK,1994,0
USAP,2002,33
USEG,1036,5
USLM,749,2
USM,2001,29
USNA,127,0
USPH,1809,33
UTHR,1289,0
UTI,1832,21
UTL,2008,32
UTMD,75,3
UTSI,0,0
UUUU,995,13
UVV,1997,9
V,1626,16
VAC,2007,33
VALE,0,0
VBIV,995,6
VCEL,1504,10
VCYT,1099,19
VECO,1305,19
VEEV,0,0
VET,0,0
VFC,1999,27
VG,2002,0
VGR,66,33
VGZ,0,1
VHC,0,0
VHI,1996,33
VICR,0,0
VIPS,0,0
VIV,0,0
VIVO,1489,15
VJET,0,0
VLGEA,1812,0
VLO,1997,33
VLRS,0,0
VMC,1998,23
VMI,2003,33
VMW,1929,0
VNCE,1819,0
VNDA,0,0
VNET,0,0
VNOM,1313,27
VNRX,1007,13
VOC,0,0
VOD,0,0
VOXX,759,0
VPG,1817,31
VRA,705,0
VRNS,481,3
VRNT,1981,0
VRSK,2004,11
VRSN,0,12
VRTX,1331,32
VSAT,1993,32
VSEC,2001,19
VSH,2004,30
VSTM,959,13
VTNR,1935,16
VUZI,199,7
VVI,1847,33
VZ,2004,33
WAB,2002,33
WAT,1749,33
WATT,0,0
WB,0,0
WBA,1947,0
WCC,1926,32
WCN,1494,20
WDAY,1983,0
WDC,1991,33
WDFC,1946,0
WEC,2001,33
WEN,1997,33
WERN,1118,26
WES,1998,32
WEX,2003,33
WEYS,404,0
WGO,1391,0
WHR,2008,27
WILC,0,0
WINA,347,29
WIRE,0,0
WIT,0,0
WIX,0,0
WLDN,1282,33
WLFC,1995,19
WLK,1998,18
WLL,1739,0
WM,2004,33
WMB,2002,33
WMK,1,7
WMT,1980,0
WNS,0,0
WOLF,1125,30
WOR,1954,0
WPP,0,0
WRN,0,0
WSM,1474,0
WSO,1284,33
WST,1984,28
WTI,251,31
WTS,1998,32
WTT,844,21
WU,1384,28
WVVI,1848,32
WWD,2009,29
WWE,1818,33
WWW,2009,31
WY,2000,26
WYNN,1304,33
WYY,352,19
X,2003,30
XEL,2001,29
XNCR,0,0
XNET,0,0
XOM,1998,28
XOMA,1216,27
XPL,2003,0
XPO,1953,33
XRAY,2002,32
XRX,2001,33
XXII,74,2
XYL,2004,10
YELP,0,0
YNDX,1604,9
YORW,1998,33
YPF,0,0
YUM,502,33
YY,0,0
ZBH,1997,33
ZBRA,1846,31
ZEN,1051,0
ZEUS,1997,26
ZG,1451,12
ZNGA,735,0
ZNH,1811,1
ZTS,1994,15
ZUMZ,0,0
